id,employee_id,department,objective,key_result,progress,performance_score,start_date,end_date,status,priority,effort_hours,actual_hours,quality_score,team_size,budget,actual_spent
1,EMP_052,Finance,Boost sales performance,Reduce costs by 15%,0.51,1.0,2024-08-02,2024-12-31,Active,Low,127,63,0.808781151952785,3,6685,15712
2,EMP_030,Operations,Improve product quality,Complete 90% of sprint goals,0.718,0.714,2024-01-22,2024-12-31,Active,High,128,96,0.9316445080951328,2,23431,13923
3,EMP_092,HR,Expand market reach,Enter 3 new markets,0.624,0.89,2024-02-24,2024-12-31,Active,High,170,108,0.9332461857121156,1,19502,8589
4,EMP_090,Finance,Improve product quality,Complete 90% of sprint goals,0.974,0.917,2024-09-20,2024-12-31,Completed,Low,74,133,0.8270549546168043,4,24457,31163
5,EMP_006,Operations,Improve product quality,Complete 90% of sprint goals,0.794,0.932,2024-10-30,2024-12-31,Active,Low,79,136,0.9159190598428985,7,14268,26115
6,EMP_060,HR,Reduce operational costs,Achieve 95% customer satisfaction score,0.767,0.673,2024-12-10,2024-12-31,Active,Low,48,112,0.7823077999694041,7,10258,26073
7,EMP_081,Marketing,Boost sales performance,Achieve 95% customer satisfaction score,0.89,0.826,2024-02-10,2024-12-31,Active,Low,111,124,0.8388012179493058,7,40222,32751
8,EMP_044,Operations,Boost sales performance,Increase revenue by 25%,0.997,0.644,2024-05-10,2024-12-31,Completed,High,44,157,0.9995434252883474,7,5206,31591
9,EMP_015,Sales,Improve product quality,Complete 90% of sprint goals,0.466,0.956,2024-04-05,2024-12-31,Active,Medium,190,92,1.0787225982957291,5,38827,14666
10,EMP_086,HR,Improve product quality,Reduce bug reports by 30%,0.872,0.875,2024-05-13,2024-12-31,Active,Medium,114,162,0.7725957069253496,1,49262,24349
11,EMP_062,Engineering,Increase customer satisfaction,Achieve 95% customer satisfaction score,0.48,0.647,2024-07-16,2024-12-31,Active,Low,176,115,0.834666354248386,2,5663,13597
12,EMP_096,Engineering,Enhance team productivity,Achieve 95% customer satisfaction score,0.831,0.798,2024-09-24,2024-12-31,Active,Medium,78,132,0.6581228784700959,1,32728,24791
13,EMP_059,Engineering,Improve product quality,Reduce bug reports by 30%,0.662,0.787,2024-08-11,2024-12-31,Active,High,168,94,0.8078501779660117,4,43559,30643
14,EMP_055,Marketing,Boost sales performance,Achieve 95% customer satisfaction score,0.996,0.68,2024-04-07,2024-12-31,Completed,Medium,178,187,0.9012423732371603,1,47107,32608
15,EMP_059,Operations,Reduce operational costs,Increase revenue by 25%,1.0,0.931,2024-12-11,2024-12-31,Completed,Low,186,145,0.8230066230924309,1,24360,32140
16,EMP_001,Marketing,Enhance team productivity,Achieve 95% customer satisfaction score,0.256,0.746,2024-09-08,2024-12-31,Active,Medium,151,52,0.9863886524417105,2,36616,20377
17,EMP_048,Operations,Enhance team productivity,Reduce costs by 15%,0.802,0.917,2024-01-09,2024-12-31,Active,High,138,144,0.8971707291526978,4,11295,28662
18,EMP_075,Engineering,Enhance team productivity,Enter 3 new markets,0.705,0.928,2024-04-21,2024-12-31,Active,Medium,138,148,0.8357009065292473,3,33643,11466
19,EMP_033,HR,Increase customer satisfaction,Enter 3 new markets,0.982,0.677,2024-05-14,2024-12-31,Completed,Low,184,165,0.6613471954214362,3,45818,22858
20,EMP_030,Operations,Expand market reach,Reduce costs by 15%,0.894,0.937,2024-01-27,2024-12-31,Active,Medium,60,142,1.123442215906174,1,34124,27291
21,EMP_061,Marketing,Enhance team productivity,Increase revenue by 25%,0.748,0.829,2024-02-15,2024-12-31,Active,High,45,117,0.9240340817947739,5,5699,20168
22,EMP_085,Engineering,Boost sales performance,Reduce bug reports by 30%,0.905,0.907,2024-02-27,2024-12-31,Completed,Low,143,146,0.7352280027175,7,21538,34110
23,EMP_002,Sales,Increase customer satisfaction,Achieve 95% customer satisfaction score,0.834,0.691,2024-02-08,2024-12-31,Active,High,65,139,0.8757207490980107,5,28355,27587
24,EMP_045,HR,Increase customer satisfaction,Enter 3 new markets,1.0,0.835,2024-05-22,2024-12-31,Completed,Medium,105,163,1.0389547656126583,3,33312,26620
25,EMP_058,Operations,Reduce operational costs,Enter 3 new markets,0.667,0.812,2024-06-28,2024-12-31,Active,Medium,109,113,0.6619687411547444,5,19599,16436
26,EMP_005,HR,Expand market reach,Reduce costs by 15%,0.886,0.744,2024-12-20,2024-12-31,Active,Low,91,115,0.7192085700330625,2,30945,16624
27,EMP_090,Finance,Expand market reach,Achieve 95% customer satisfaction score,0.676,0.824,2024-05-01,2024-12-31,Active,High,73,101,0.8295383494522411,1,8343,30962
28,EMP_069,Operations,Reduce operational costs,Increase revenue by 25%,0.795,0.69,2024-03-26,2024-12-31,Active,High,68,101,0.8262608038793331,2,40247,33221
29,EMP_085,HR,Increase customer satisfaction,Enter 3 new markets,0.351,0.605,2024-01-10,2024-12-31,Active,Medium,108,49,0.9024609000630509,2,28289,10539
30,EMP_069,Finance,Enhance team productivity,Reduce bug reports by 30%,0.901,0.81,2024-12-05,2024-12-31,Completed,Medium,163,136,0.8726984301219349,3,43155,25680
31,EMP_067,Engineering,Increase customer satisfaction,Reduce bug reports by 30%,0.616,0.67,2024-01-12,2024-12-31,Active,Low,85,88,0.870759826128572,5,20305,15374
32,EMP_075,Finance,Enhance team productivity,Achieve 95% customer satisfaction score,0.679,0.706,2024-12-22,2024-12-31,Active,High,191,126,0.6712328388068218,7,39911,14264
33,EMP_024,Operations,Reduce operational costs,Complete 90% of sprint goals,1.0,0.734,2024-08-04,2024-12-31,Completed,Low,144,172,0.6245841320482384,4,5728,33409
34,EMP_049,HR,Enhance team productivity,Reduce costs by 15%,0.688,0.849,2024-02-21,2024-12-31,Active,Low,150,107,0.9623541781691516,5,45419,31354
35,EMP_053,Engineering,Reduce operational costs,Reduce costs by 15%,0.61,0.799,2024-08-10,2024-12-31,Active,Medium,172,104,1.017529324966822,3,11801,18755
36,EMP_007,Operations,Reduce operational costs,Reduce bug reports by 30%,0.767,0.933,2024-07-12,2024-12-31,Active,High,68,117,0.7051915658502675,4,31256,15959
37,EMP_071,Engineering,Reduce operational costs,Complete 90% of sprint goals,1.0,0.657,2024-10-01,2024-12-31,Completed,High,147,119,1.0070032280542671,2,33178,29904
38,EMP_013,Sales,Enhance team productivity,Enter 3 new markets,0.549,0.848,2024-01-01,2024-12-31,Active,Low,131,71,0.8391239851543142,1,28960,18493
39,EMP_056,Engineering,Expand market reach,Reduce costs by 15%,0.764,0.948,2024-07-21,2024-12-31,Active,High,186,122,0.8997998291245449,1,43413,18431
40,EMP_087,Engineering,Boost sales performance,Complete 90% of sprint goals,1.0,0.669,2024-01-08,2024-12-31,Completed,Medium,131,155,0.7290877610439014,4,36921,37945
41,EMP_028,HR,Reduce operational costs,Achieve 95% customer satisfaction score,0.685,0.551,2024-05-24,2024-12-31,Active,High,196,107,0.914889324125355,5,15136,24060
42,EMP_005,Engineering,Expand market reach,Achieve 95% customer satisfaction score,0.724,0.851,2024-09-23,2024-12-31,Active,High,65,115,0.8840922198558954,3,26168,21274
43,EMP_077,Engineering,Improve product quality,Achieve 95% customer satisfaction score,0.431,0.71,2024-11-06,2024-12-31,Active,Medium,134,75,0.8693278061849385,7,28524,17554
44,EMP_083,Engineering,Reduce operational costs,Enter 3 new markets,0.913,0.702,2024-06-21,2024-12-31,Completed,High,43,130,0.921161487808889,2,41187,21753
45,EMP_095,Sales,Improve product quality,Reduce bug reports by 30%,1.0,0.786,2024-11-01,2024-12-31,Completed,High,93,168,0.9842088504305915,7,24758,36983
46,EMP_014,Sales,Boost sales performance,Increase revenue by 25%,0.672,0.835,2024-08-13,2024-12-31,Active,Medium,89,123,0.6769126896234432,3,15209,27382
47,EMP_052,Engineering,Expand market reach,Achieve 95% customer satisfaction score,0.653,1.0,2024-09-03,2024-12-31,Active,Medium,90,123,0.9145732788723248,2,24856,11062
48,EMP_088,Finance,Improve product quality,Enter 3 new markets,0.739,0.49,2024-08-22,2024-12-31,Active,Low,154,116,0.6325117497346903,7,11090,32327
49,EMP_016,HR,Enhance team productivity,Achieve 95% customer satisfaction score,0.737,0.943,2024-04-02,2024-12-31,Active,Medium,100,107,0.7707127167737655,5,28061,14953
50,EMP_034,Engineering,Expand market reach,Reduce bug reports by 30%,0.712,0.785,2024-09-05,2024-12-31,Active,Low,160,114,0.8622505498339519,3,24262,31218
51,EMP_048,Finance,Increase customer satisfaction,Reduce bug reports by 30%,0.786,0.805,2024-10-29,2024-12-31,Active,Low,95,173,0.8189275735382806,7,7125,31793
52,EMP_014,Marketing,Boost sales performance,Increase revenue by 25%,0.7,0.804,2024-08-26,2024-12-31,Active,High,57,131,1.0023787410193807,7,13152,8722
53,EMP_028,Sales,Increase customer satisfaction,Achieve 95% customer satisfaction score,0.621,0.638,2024-10-26,2024-12-31,Active,High,184,92,0.6389300478849821,2,13258,17130
54,EMP_100,Operations,Improve product quality,Achieve 95% customer satisfaction score,1.0,0.499,2024-04-10,2024-12-31,Completed,Medium,65,181,0.7084797480482485,3,22260,32977
55,EMP_070,Finance,Increase customer satisfaction,Achieve 95% customer satisfaction score,0.709,0.458,2024-12-15,2024-12-31,Active,Low,101,129,0.8645204060285459,7,46605,21218
56,EMP_051,Operations,Increase customer satisfaction,Reduce bug reports by 30%,0.84,1.0,2024-06-21,2024-12-31,Active,High,109,166,0.9140582006949152,4,7048,21134
57,EMP_090,Operations,Expand market reach,Reduce costs by 15%,0.903,0.802,2024-11-28,2024-12-31,Completed,Low,42,141,0.8092539862364735,2,21644,32116
58,EMP_065,Finance,Increase customer satisfaction,Achieve 95% customer satisfaction score,0.635,0.789,2024-02-07,2024-12-31,Active,Low,133,81,0.7940258025271728,5,13567,26563
59,EMP_075,Engineering,Improve product quality,Complete 90% of sprint goals,0.884,0.772,2024-11-15,2024-12-31,Active,Medium,99,138,0.861372946021298,1,35523,24916
60,EMP_005,Marketing,Boost sales performance,Enter 3 new markets,0.686,0.469,2024-08-24,2024-12-31,Active,Medium,128,117,0.7999213617582406,6,44711,30120
61,EMP_051,Finance,Expand market reach,Achieve 95% customer satisfaction score,0.754,1.0,2024-06-01,2024-12-31,Active,High,92,125,0.9270865193886967,3,46157,23436
62,EMP_072,Sales,Enhance team productivity,Reduce costs by 15%,0.864,1.0,2024-06-05,2024-12-31,Active,Medium,136,137,0.9470077777913727,1,43141,29517
63,EMP_068,Operations,Improve product quality,Reduce bug reports by 30%,1.0,0.794,2024-04-27,2024-12-31,Completed,Medium,180,154,0.7521236284217693,5,25103,27862
64,EMP_076,Finance,Improve product quality,Increase revenue by 25%,0.639,1.0,2024-10-18,2024-12-31,Active,Medium,82,122,0.9681974048621814,6,19153,20974
65,EMP_038,Operations,Improve product quality,Enter 3 new markets,0.902,0.832,2024-04-13,2024-12-31,Completed,Medium,150,157,1.0064704584933528,4,42219,24058
66,EMP_009,Operations,Boost sales performance,Reduce costs by 15%,1.0,0.706,2024-06-30,2024-12-31,Completed,Low,96,150,0.7265055606462586,3,7708,24503
67,EMP_047,Engineering,Reduce operational costs,Achieve 95% customer satisfaction score,0.873,0.705,2024-06-02,2024-12-31,Active,High,74,156,0.6179262626021869,3,12973,19747
68,EMP_034,Marketing,Increase customer satisfaction,Increase revenue by 25%,0.491,0.871,2024-06-28,2024-12-31,Active,Medium,127,47,0.9538826145111929,3,9757,11238
69,EMP_026,HR,Improve product quality,Reduce costs by 15%,0.839,0.802,2024-12-26,2024-12-31,Active,High,187,118,0.8335464341950304,5,25806,21784
70,EMP_087,Marketing,Boost sales performance,Increase revenue by 25%,0.78,0.733,2024-10-31,2024-12-31,Active,High,69,82,0.8803105666100579,1,43258,29228
71,EMP_047,Sales,Improve product quality,Enter 3 new markets,0.334,0.614,2024-06-14,2024-12-31,Active,Low,102,47,0.7784190131131382,7,45806,5886
72,EMP_083,Operations,Improve product quality,Complete 90% of sprint goals,0.934,0.983,2024-11-18,2024-12-31,Completed,Low,111,106,0.8598745777637334,3,44986,27378
73,EMP_097,HR,Improve product quality,Increase revenue by 25%,0.913,0.659,2024-04-29,2024-12-31,Completed,Medium,183,178,0.7492910635693739,5,26389,30348
74,EMP_007,Sales,Increase customer satisfaction,Reduce costs by 15%,0.688,0.55,2024-01-02,2024-12-31,Active,High,86,145,0.7001340598493044,7,39177,26338
75,EMP_067,HR,Enhance team productivity,Reduce costs by 15%,0.987,0.699,2024-08-13,2024-12-31,Completed,High,138,177,0.8469041749363426,1,33529,40387
76,EMP_073,Operations,Expand market reach,Increase revenue by 25%,0.884,0.643,2024-01-29,2024-12-31,Active,High,137,137,0.6870407014023673,1,27180,29292
77,EMP_025,Operations,Improve product quality,Complete 90% of sprint goals,0.801,0.947,2024-09-24,2024-12-31,Active,High,92,91,0.7220423033264298,2,41397,22296
78,EMP_036,Marketing,Improve product quality,Reduce costs by 15%,0.79,0.571,2024-06-12,2024-12-31,Active,High,78,110,0.9041001872603629,7,28150,24356
79,EMP_024,Operations,Expand market reach,Reduce costs by 15%,0.399,0.781,2024-08-26,2024-12-31,Active,Low,120,115,0.840394010027535,2,37921,1374
80,EMP_040,Engineering,Increase customer satisfaction,Achieve 95% customer satisfaction score,0.68,0.915,2024-01-25,2024-12-31,Active,Low,74,140,0.899973762011211,4,14650,23057
81,EMP_094,Operations,Improve product quality,Complete 90% of sprint goals,0.605,0.763,2024-10-31,2024-12-31,Active,High,56,95,0.9120672097550677,7,25491,23460
82,EMP_008,Finance,Increase customer satisfaction,Reduce costs by 15%,0.774,0.925,2024-01-25,2024-12-31,Active,Medium,128,133,0.985484517237325,1,32935,28360
83,EMP_010,Engineering,Improve product quality,Reduce costs by 15%,0.36,0.758,2024-11-30,2024-12-31,Active,High,46,66,0.8286727624034208,2,46786,10587
84,EMP_094,HR,Boost sales performance,Reduce bug reports by 30%,0.886,1.0,2024-01-14,2024-12-31,Active,Low,191,148,0.8065503772567684,2,21514,25043
85,EMP_037,Marketing,Improve product quality,Complete 90% of sprint goals,1.0,0.848,2024-01-04,2024-12-31,Completed,High,192,162,1.0213573990822205,5,18737,28909
86,EMP_099,Sales,Improve product quality,Enter 3 new markets,0.949,0.896,2024-02-08,2024-12-31,Completed,Medium,68,148,0.7982711549899628,5,17984,35521
87,EMP_016,HR,Increase customer satisfaction,Reduce bug reports by 30%,0.697,0.7,2024-12-05,2024-12-31,Active,High,104,103,0.8218215391139493,6,29951,15871
88,EMP_062,Finance,Increase customer satisfaction,Achieve 95% customer satisfaction score,0.54,0.763,2024-05-19,2024-12-31,Active,Low,76,68,0.9484322398476583,6,45970,15124
89,EMP_062,Finance,Improve product quality,Achieve 95% customer satisfaction score,0.731,0.808,2024-03-12,2024-12-31,Active,High,102,129,0.7996295519326858,6,16593,21276
90,EMP_041,Engineering,Improve product quality,Increase revenue by 25%,0.65,0.87,2024-02-23,2024-12-31,Active,Low,48,114,0.812660073162343,2,30425,13625
91,EMP_062,Engineering,Boost sales performance,Increase revenue by 25%,0.609,0.694,2024-03-29,2024-12-31,Active,High,107,80,0.866469782743714,1,28874,17363
92,EMP_067,Engineering,Improve product quality,Complete 90% of sprint goals,0.398,0.79,2024-01-25,2024-12-31,Active,High,178,59,0.832305277250595,7,9133,7937
93,EMP_072,Marketing,Reduce operational costs,Reduce bug reports by 30%,0.86,0.806,2024-06-24,2024-12-31,Active,High,67,68,0.7629776757856488,5,23546,23359
94,EMP_098,Marketing,Reduce operational costs,Reduce costs by 15%,0.959,0.824,2024-12-01,2024-12-31,Completed,High,98,188,0.8905617593140378,3,37088,32340
95,EMP_053,Sales,Enhance team productivity,Increase revenue by 25%,0.62,0.872,2024-08-22,2024-12-31,Active,High,97,120,0.8405246626421597,2,45329,15895
96,EMP_039,Sales,Enhance team productivity,Reduce bug reports by 30%,0.878,0.804,2024-10-21,2024-12-31,Active,Medium,52,166,0.8691099068019903,1,36966,26565
97,EMP_098,HR,Reduce operational costs,Increase revenue by 25%,0.672,0.699,2024-03-14,2024-12-31,Active,High,102,83,0.8101107507746449,5,10084,17376
98,EMP_100,Sales,Enhance team productivity,Increase revenue by 25%,0.848,0.874,2024-07-11,2024-12-31,Active,Medium,159,123,0.7941078152728411,5,32083,27336
99,EMP_007,Finance,Boost sales performance,Achieve 95% customer satisfaction score,0.724,0.495,2024-02-27,2024-12-31,Active,Low,65,113,0.7275064949811048,4,19288,28207
100,EMP_075,HR,Improve product quality,Enter 3 new markets,0.772,0.727,2024-07-13,2024-12-31,Active,High,165,116,0.8277587221544435,5,44214,17411
101,EMP_080,Finance,Boost sales performance,Complete 90% of sprint goals,0.445,0.696,2024-09-13,2024-12-31,Active,Medium,163,90,0.936009638414307,3,31431,15360
102,EMP_018,HR,Boost sales performance,Complete 90% of sprint goals,0.888,0.84,2024-11-04,2024-12-31,Active,Low,66,137,0.8959929025822144,3,22343,29676
103,EMP_044,Finance,Enhance team productivity,Reduce bug reports by 30%,1.0,0.874,2024-06-01,2024-12-31,Completed,Medium,56,131,0.9106165090611456,1,43565,27125
104,EMP_086,Operations,Reduce operational costs,Reduce costs by 15%,0.657,0.582,2024-03-04,2024-12-31,Active,High,111,144,1.0462822634045459,2,22773,17788
105,EMP_095,Operations,Boost sales performance,Reduce costs by 15%,0.802,0.87,2024-06-27,2024-12-31,Active,High,184,131,0.7588205511248642,7,13783,16685
106,EMP_033,Sales,Improve product quality,Complete 90% of sprint goals,0.732,0.809,2024-08-20,2024-12-31,Active,High,197,101,0.7498379990105084,7,37857,20556
107,EMP_046,Sales,Improve product quality,Reduce bug reports by 30%,0.77,0.759,2024-12-25,2024-12-31,Active,Low,100,159,0.8857925728691769,2,8389,25700
108,EMP_007,Marketing,Enhance team productivity,Complete 90% of sprint goals,1.0,1.0,2024-01-03,2024-12-31,Completed,Low,80,169,0.8278087547206446,2,20349,23927
109,EMP_012,HR,Reduce operational costs,Achieve 95% customer satisfaction score,0.686,0.864,2024-02-24,2024-12-31,Active,Medium,139,121,0.8875251255618718,5,9790,23107
110,EMP_059,Marketing,Enhance team productivity,Reduce bug reports by 30%,0.351,0.595,2024-07-25,2024-12-31,Active,High,174,46,0.9591046102164668,7,5956,9961
111,EMP_024,HR,Reduce operational costs,Complete 90% of sprint goals,0.925,0.915,2024-05-31,2024-12-31,Completed,Medium,135,139,0.857661610545846,2,27015,35291
112,EMP_036,Operations,Improve product quality,Increase revenue by 25%,1.0,0.92,2024-09-24,2024-12-31,Completed,Low,57,163,0.987680349287893,3,24975,33885
113,EMP_100,Operations,Improve product quality,Complete 90% of sprint goals,0.796,0.451,2024-10-19,2024-12-31,Active,High,80,138,0.8129385667913894,7,37781,12711
114,EMP_002,Operations,Increase customer satisfaction,Increase revenue by 25%,0.797,0.669,2024-06-11,2024-12-31,Active,High,44,95,0.96077204502817,4,17588,20370
115,EMP_023,Marketing,Improve product quality,Increase revenue by 25%,0.366,0.701,2024-04-02,2024-12-31,Active,Medium,115,53,0.9733686921376036,4,43663,18491
116,EMP_064,Operations,Enhance team productivity,Complete 90% of sprint goals,0.92,0.752,2024-04-29,2024-12-31,Completed,Low,173,188,0.8240957854179297,2,21001,26619
117,EMP_073,Finance,Enhance team productivity,Reduce bug reports by 30%,0.897,0.788,2024-11-20,2024-12-31,Active,High,51,146,0.8952534891821334,1,20398,31885
118,EMP_050,HR,Expand market reach,Complete 90% of sprint goals,0.171,0.69,2024-12-06,2024-12-31,Active,High,47,37,0.8041563059813082,7,43006,2153
119,EMP_090,Marketing,Improve product quality,Enter 3 new markets,1.0,0.791,2024-05-15,2024-12-31,Completed,Low,152,182,0.968703030556038,3,18598,24552
120,EMP_069,Engineering,Improve product quality,Enter 3 new markets,1.0,0.951,2024-03-13,2024-12-31,Completed,High,116,154,0.789566143055336,2,40941,28366
121,EMP_004,Operations,Boost sales performance,Enter 3 new markets,0.908,0.741,2024-05-08,2024-12-31,Completed,Medium,93,118,0.9664434645992908,1,32723,33097
122,EMP_019,HR,Reduce operational costs,Achieve 95% customer satisfaction score,1.0,0.96,2024-10-17,2024-12-31,Completed,Medium,50,204,1.0142015160136368,2,30537,35049
123,EMP_046,Engineering,Boost sales performance,Reduce costs by 15%,0.762,0.969,2024-04-26,2024-12-31,Active,High,193,89,0.8670970971568219,4,48790,27967
124,EMP_046,Sales,Enhance team productivity,Increase revenue by 25%,0.313,0.998,2024-04-16,2024-12-31,Active,Low,119,51,0.9258928589786765,1,13906,10791
125,EMP_051,HR,Reduce operational costs,Reduce costs by 15%,0.599,0.758,2024-02-21,2024-12-31,Active,Medium,66,97,0.9269657751345625,2,47641,19557
126,EMP_090,Engineering,Expand market reach,Increase revenue by 25%,0.737,0.719,2024-11-07,2024-12-31,Active,High,81,128,0.8356154229088036,6,39566,26082
127,EMP_054,Engineering,Enhance team productivity,Reduce costs by 15%,0.844,0.821,2024-04-27,2024-12-31,Active,High,176,146,0.9660682495697125,2,43520,19112
128,EMP_037,HR,Improve product quality,Increase revenue by 25%,0.611,0.865,2024-12-10,2024-12-31,Active,Medium,186,115,0.7664652946740242,2,31160,29068
129,EMP_099,HR,Improve product quality,Achieve 95% customer satisfaction score,0.713,0.781,2024-10-19,2024-12-31,Active,Low,199,87,0.9252702148572627,5,44420,24723
130,EMP_018,Marketing,Improve product quality,Enter 3 new markets,0.44,1.0,2024-10-06,2024-12-31,Active,Medium,58,62,0.6850917666065777,7,44532,18431
131,EMP_036,Finance,Increase customer satisfaction,Complete 90% of sprint goals,0.634,0.648,2024-03-10,2024-12-31,Active,High,52,86,0.8533458770992303,5,7475,20178
132,EMP_072,Sales,Boost sales performance,Enter 3 new markets,0.439,0.763,2024-12-07,2024-12-31,Active,Medium,169,39,1.0172572386837704,6,37007,15259
133,EMP_022,HR,Improve product quality,Complete 90% of sprint goals,0.772,0.857,2024-10-29,2024-12-31,Active,High,94,105,0.8581276842767027,1,8083,29732
134,EMP_084,Marketing,Expand market reach,Reduce costs by 15%,0.507,0.687,2024-10-12,2024-12-31,Active,High,123,96,0.775082075937087,7,9895,16339
135,EMP_033,Finance,Enhance team productivity,Enter 3 new markets,0.692,0.739,2024-08-24,2024-12-31,Active,Medium,144,73,0.9007991326912543,4,47685,31533
136,EMP_055,Operations,Boost sales performance,Enter 3 new markets,0.524,0.838,2024-04-10,2024-12-31,Active,Medium,51,83,0.8061412793742704,2,12629,21542
137,EMP_006,Marketing,Enhance team productivity,Enter 3 new markets,0.715,0.687,2024-03-06,2024-12-31,Active,Low,169,128,0.8620225633434213,2,13984,11604
138,EMP_095,Operations,Increase customer satisfaction,Enter 3 new markets,0.706,0.843,2024-01-25,2024-12-31,Active,High,156,110,0.8439479477693691,4,21920,15932
139,EMP_079,HR,Reduce operational costs,Complete 90% of sprint goals,0.668,0.845,2024-04-01,2024-12-31,Active,High,70,49,0.8793269314133503,4,40262,13979
140,EMP_002,HR,Boost sales performance,Increase revenue by 25%,0.87,0.6,2024-12-10,2024-12-31,Active,Medium,165,144,0.7936350972573657,1,33861,24044
141,EMP_007,HR,Increase customer satisfaction,Complete 90% of sprint goals,0.495,0.894,2024-04-10,2024-12-31,Active,Low,163,98,0.7015102031550096,4,42285,9633
142,EMP_063,Operations,Reduce operational costs,Increase revenue by 25%,0.708,0.624,2024-01-14,2024-12-31,Active,Low,125,77,0.8267328091480001,6,12758,16013
143,EMP_021,Sales,Improve product quality,Reduce costs by 15%,0.551,0.795,2024-07-06,2024-12-31,Active,Low,188,64,0.8459911487343447,4,42487,15670
144,EMP_093,HR,Reduce operational costs,Enter 3 new markets,1.0,0.874,2024-04-22,2024-12-31,Completed,High,56,157,0.8965045461015182,2,8631,30833
145,EMP_029,Engineering,Improve product quality,Reduce bug reports by 30%,1.0,0.709,2024-10-16,2024-12-31,Completed,Low,118,157,0.9476148358084708,5,36186,26978
146,EMP_072,Engineering,Boost sales performance,Achieve 95% customer satisfaction score,0.735,0.68,2024-08-15,2024-12-31,Active,Low,182,143,0.742333906547567,5,44261,13151
147,EMP_096,Sales,Expand market reach,Complete 90% of sprint goals,0.785,0.837,2024-12-25,2024-12-31,Active,High,112,100,0.7997537513089383,1,37125,22487
148,EMP_089,Sales,Expand market reach,Reduce bug reports by 30%,0.727,0.683,2024-12-12,2024-12-31,Active,Medium,157,108,0.9331628307664468,4,34921,21657
149,EMP_011,Sales,Increase customer satisfaction,Reduce bug reports by 30%,0.631,0.608,2024-11-10,2024-12-31,Active,Medium,163,78,0.8131020554890078,4,7461,19984
150,EMP_051,Operations,Increase customer satisfaction,Reduce costs by 15%,0.852,0.929,2024-04-28,2024-12-31,Active,Low,51,124,0.8332878286213589,5,44933,26987
151,EMP_021,Operations,Expand market reach,Enter 3 new markets,0.883,0.976,2024-07-21,2024-12-31,Active,Medium,189,149,0.7848643106208171,3,49638,20496
152,EMP_044,Finance,Expand market reach,Increase revenue by 25%,0.742,0.921,2024-01-03,2024-12-31,Active,Low,157,135,1.0311375028664982,7,44019,25379
153,EMP_025,Finance,Improve product quality,Reduce bug reports by 30%,0.708,0.672,2024-12-27,2024-12-31,Active,Medium,49,128,0.9083886294375312,3,30498,16310
154,EMP_009,HR,Enhance team productivity,Enter 3 new markets,1.0,0.835,2024-01-12,2024-12-31,Completed,High,53,164,0.9326994389117318,4,41751,33989
155,EMP_095,Operations,Boost sales performance,Reduce costs by 15%,0.692,0.659,2024-05-11,2024-12-31,Active,Medium,63,101,0.8142282817730756,6,43356,18693
156,EMP_017,HR,Reduce operational costs,Enter 3 new markets,0.514,0.719,2024-07-04,2024-12-31,Active,Low,171,88,0.8480024571280097,6,19226,12082
157,EMP_031,HR,Enhance team productivity,Increase revenue by 25%,0.586,0.799,2024-05-31,2024-12-31,Active,High,115,107,0.945530520857051,7,15258,11882
158,EMP_055,Engineering,Increase customer satisfaction,Reduce bug reports by 30%,0.711,0.713,2024-09-07,2024-12-31,Active,Low,96,110,0.8689847836212464,1,39051,24221
159,EMP_020,Marketing,Expand market reach,Enter 3 new markets,0.92,0.931,2024-03-30,2024-12-31,Completed,High,100,161,1.0175547393544484,6,40525,18120
160,EMP_019,Sales,Boost sales performance,Enter 3 new markets,0.784,0.712,2024-11-15,2024-12-31,Active,High,88,99,0.9193855763007921,4,31201,23007
161,EMP_004,Operations,Improve product quality,Increase revenue by 25%,1.0,0.731,2024-11-21,2024-12-31,Completed,High,99,154,0.7500687242349863,4,18975,28404
162,EMP_024,HR,Improve product quality,Enter 3 new markets,0.746,0.933,2024-12-01,2024-12-31,Active,Medium,145,105,0.8019797625852981,1,35508,25960
163,EMP_100,Marketing,Enhance team productivity,Reduce bug reports by 30%,0.265,0.933,2024-01-07,2024-12-31,Active,Medium,166,58,0.7608866991398513,3,6171,13753
164,EMP_014,Engineering,Reduce operational costs,Reduce bug reports by 30%,0.675,0.674,2024-10-31,2024-12-31,Active,Low,154,120,0.8579993380559143,1,11588,21978
165,EMP_041,Engineering,Improve product quality,Reduce costs by 15%,0.603,0.678,2024-11-22,2024-12-31,Active,Medium,72,76,0.8561679849847972,2,11171,16614
166,EMP_086,Engineering,Increase customer satisfaction,Reduce bug reports by 30%,0.78,0.788,2024-03-05,2024-12-31,Active,Medium,124,108,0.8904257195013452,1,8137,18993
167,EMP_074,Sales,Boost sales performance,Reduce costs by 15%,0.581,0.95,2024-10-20,2024-12-31,Active,Low,177,50,0.8463466650081389,5,17819,25358
168,EMP_086,Finance,Expand market reach,Complete 90% of sprint goals,0.805,0.746,2024-06-16,2024-12-31,Active,Medium,67,139,0.8438956574530004,4,28648,20468
169,EMP_042,HR,Boost sales performance,Enter 3 new markets,0.589,0.481,2024-06-26,2024-12-31,Active,Low,186,67,0.8237216611017532,4,38243,13623
170,EMP_072,Engineering,Expand market reach,Reduce bug reports by 30%,0.937,0.873,2024-09-24,2024-12-31,Completed,Medium,46,132,0.6934328126971783,3,18937,34594
171,EMP_040,Operations,Increase customer satisfaction,Complete 90% of sprint goals,0.641,0.723,2024-04-10,2024-12-31,Active,Low,140,143,0.7432467085745726,6,10906,20178
172,EMP_046,Engineering,Reduce operational costs,Reduce costs by 15%,0.798,0.972,2024-09-16,2024-12-31,Active,Medium,98,156,0.9687386051564751,1,31515,36895
173,EMP_034,Sales,Expand market reach,Enter 3 new markets,0.589,0.889,2024-09-21,2024-12-31,Active,Medium,173,74,0.9639878561129045,3,26953,16840
174,EMP_085,Sales,Expand market reach,Increase revenue by 25%,1.0,0.81,2024-10-03,2024-12-31,Completed,Medium,73,180,0.7837286228137069,2,38866,19851
175,EMP_057,Operations,Increase customer satisfaction,Reduce costs by 15%,0.836,0.857,2024-12-12,2024-12-31,Active,Low,72,141,0.7709933674864722,2,42346,22752
176,EMP_039,Operations,Increase customer satisfaction,Complete 90% of sprint goals,0.79,0.888,2024-12-08,2024-12-31,Active,Low,106,116,0.8626379579546412,6,42396,33401
177,EMP_099,Engineering,Reduce operational costs,Reduce costs by 15%,0.853,0.827,2024-02-08,2024-12-31,Active,High,138,153,0.8846177745832742,3,7454,23686
178,EMP_046,Operations,Expand market reach,Complete 90% of sprint goals,0.522,0.657,2024-05-26,2024-12-31,Active,Medium,117,77,0.8122349138665443,6,9249,15585
179,EMP_087,Operations,Increase customer satisfaction,Increase revenue by 25%,0.919,0.874,2024-06-21,2024-12-31,Completed,Low,102,187,0.9442312210267868,1,18074,29396
180,EMP_040,Engineering,Expand market reach,Achieve 95% customer satisfaction score,1.0,0.797,2024-03-29,2024-12-31,Completed,Medium,92,153,0.7446317580853645,6,37808,24660
181,EMP_068,Marketing,Enhance team productivity,Complete 90% of sprint goals,0.836,0.935,2024-04-19,2024-12-31,Active,Medium,159,148,0.7850668688079605,6,5778,21400
182,EMP_020,Finance,Boost sales performance,Complete 90% of sprint goals,0.757,0.84,2024-08-03,2024-12-31,Active,High,47,133,0.5796767707000763,4,11581,26105
183,EMP_076,Operations,Increase customer satisfaction,Increase revenue by 25%,0.723,0.943,2024-08-19,2024-12-31,Active,High,90,144,0.8228475524508617,3,33803,17617
184,EMP_004,Operations,Enhance team productivity,Reduce costs by 15%,0.828,0.769,2024-12-26,2024-12-31,Active,High,111,97,0.7877350638265548,1,33369,25805
185,EMP_017,Finance,Enhance team productivity,Enter 3 new markets,0.706,0.49,2024-05-21,2024-12-31,Active,Low,123,114,0.7042448500535069,6,48056,26601
186,EMP_049,Operations,Improve product quality,Increase revenue by 25%,0.634,0.713,2024-01-17,2024-12-31,Active,High,90,118,0.8695375284351744,7,9492,23997
187,EMP_064,Marketing,Expand market reach,Increase revenue by 25%,0.902,0.787,2024-02-14,2024-12-31,Completed,High,147,155,0.8848272226402725,5,47092,19142
188,EMP_045,Sales,Enhance team productivity,Reduce bug reports by 30%,0.929,0.903,2024-06-22,2024-12-31,Completed,Low,197,157,1.0112220628255424,2,43211,32354
189,EMP_094,Engineering,Enhance team productivity,Reduce bug reports by 30%,0.789,0.677,2024-03-24,2024-12-31,Active,High,115,121,0.784999741917654,7,10889,29792
190,EMP_066,Marketing,Boost sales performance,Reduce costs by 15%,0.981,0.831,2024-01-28,2024-12-31,Completed,Low,123,172,0.9831478807397795,5,35373,33251
191,EMP_003,Operations,Improve product quality,Achieve 95% customer satisfaction score,0.813,1.0,2024-08-22,2024-12-31,Active,High,94,119,0.8592844901141115,5,42437,14604
192,EMP_023,Engineering,Expand market reach,Complete 90% of sprint goals,0.897,0.957,2024-04-08,2024-12-31,Active,High,158,136,0.9618015654576141,6,41027,27553
193,EMP_098,Marketing,Boost sales performance,Complete 90% of sprint goals,1.0,0.869,2024-01-23,2024-12-31,Completed,Low,87,158,0.8154390485303301,7,41129,28733
194,EMP_068,Finance,Increase customer satisfaction,Achieve 95% customer satisfaction score,0.507,0.777,2024-07-20,2024-12-31,Active,Medium,165,89,0.7634486815223993,5,18703,16255
195,EMP_034,HR,Enhance team productivity,Enter 3 new markets,1.0,0.731,2024-12-30,2024-12-31,Completed,Medium,108,137,0.859767585556028,2,47138,21163
196,EMP_006,Marketing,Reduce operational costs,Reduce costs by 15%,0.46,0.884,2024-05-04,2024-12-31,Active,High,163,67,0.9196954404510735,4,5785,12125
197,EMP_073,Engineering,Reduce operational costs,Reduce costs by 15%,0.535,0.849,2024-04-18,2024-12-31,Active,Medium,107,85,0.8897244609241453,5,15913,13467
198,EMP_087,Marketing,Boost sales performance,Reduce bug reports by 30%,0.615,0.881,2024-09-06,2024-12-31,Active,High,124,115,0.7238545166344891,4,5138,14115
199,EMP_068,Marketing,Increase customer satisfaction,Complete 90% of sprint goals,0.815,0.746,2024-09-29,2024-12-31,Active,Low,121,152,1.0458347454220593,2,24218,22206
200,EMP_028,Finance,Increase customer satisfaction,Reduce costs by 15%,0.495,0.571,2024-03-04,2024-12-31,Active,Low,156,83,0.6811437683210315,7,24595,20555
201,EMP_021,Operations,Boost sales performance,Complete 90% of sprint goals,0.782,0.741,2024-02-15,2024-12-31,Active,Medium,51,106,0.852887572314901,4,34535,13844
202,EMP_100,Operations,Boost sales performance,Achieve 95% customer satisfaction score,0.734,0.528,2024-07-21,2024-12-31,Active,High,121,156,1.0610354367820396,7,46862,16185
203,EMP_035,Engineering,Enhance team productivity,Reduce costs by 15%,0.983,0.769,2024-12-17,2024-12-31,Completed,Low,102,154,0.9503566560183285,5,30518,32774
204,EMP_080,Sales,Expand market reach,Reduce costs by 15%,0.789,1.0,2024-10-03,2024-12-31,Active,Medium,191,135,0.8711640977508649,6,32810,32297
205,EMP_019,Sales,Improve product quality,Achieve 95% customer satisfaction score,0.725,0.747,2024-02-06,2024-12-31,Active,High,182,124,0.7906159837753362,5,12295,22660
206,EMP_035,Sales,Increase customer satisfaction,Reduce bug reports by 30%,0.779,0.776,2024-12-23,2024-12-31,Active,Low,138,109,1.0609444594642459,5,49716,27294
207,EMP_096,Sales,Reduce operational costs,Reduce costs by 15%,0.607,0.85,2024-06-10,2024-12-31,Active,Medium,163,93,0.8582512699323189,2,15350,20336
208,EMP_067,Operations,Expand market reach,Increase revenue by 25%,0.682,0.809,2024-10-21,2024-12-31,Active,High,184,102,0.8578896096598508,5,28864,20581
209,EMP_025,Operations,Increase customer satisfaction,Enter 3 new markets,1.0,0.772,2024-02-23,2024-12-31,Completed,Medium,53,128,0.8282806649939035,5,19743,32618
210,EMP_004,Finance,Boost sales performance,Reduce bug reports by 30%,0.402,0.632,2024-10-16,2024-12-31,Active,Medium,137,57,0.7535705360243632,1,29142,16750
211,EMP_057,Engineering,Improve product quality,Reduce costs by 15%,0.684,0.823,2024-11-01,2024-12-31,Active,High,173,126,0.7632869784289099,5,46627,19167
212,EMP_019,Engineering,Boost sales performance,Reduce bug reports by 30%,0.594,0.954,2024-11-02,2024-12-31,Active,High,122,81,0.8273739128826249,4,49452,21615
213,EMP_017,Sales,Improve product quality,Reduce costs by 15%,1.0,0.601,2024-04-29,2024-12-31,Completed,Low,177,151,0.7891413913993579,3,20372,27100
214,EMP_011,Engineering,Enhance team productivity,Achieve 95% customer satisfaction score,0.584,0.707,2024-07-29,2024-12-31,Active,High,81,87,0.849649200799146,7,23971,12668
215,EMP_041,Marketing,Improve product quality,Enter 3 new markets,0.693,0.849,2024-08-16,2024-12-31,Active,High,139,102,0.8982524048828591,1,35154,24969
216,EMP_100,Finance,Reduce operational costs,Reduce costs by 15%,1.0,0.689,2024-09-19,2024-12-31,Completed,Medium,42,151,0.9575175935668458,5,21923,23156
217,EMP_054,Operations,Increase customer satisfaction,Complete 90% of sprint goals,0.95,0.878,2024-02-23,2024-12-31,Completed,Medium,92,166,0.7986786433528414,6,33172,20885
218,EMP_086,Engineering,Enhance team productivity,Enter 3 new markets,0.523,0.767,2024-04-20,2024-12-31,Active,Medium,56,30,0.8245100155131541,5,36128,17915
219,EMP_100,Sales,Enhance team productivity,Reduce bug reports by 30%,0.514,0.967,2024-06-04,2024-12-31,Active,Low,143,66,0.8635753879917665,7,35116,20319
220,EMP_058,HR,Increase customer satisfaction,Enter 3 new markets,0.602,1.0,2024-05-14,2024-12-31,Active,Low,90,133,0.9170219897277339,5,49245,21431
221,EMP_059,HR,Boost sales performance,Reduce costs by 15%,0.601,0.68,2024-07-23,2024-12-31,Active,Low,163,82,0.8458830523087449,2,26607,18145
222,EMP_015,HR,Expand market reach,Achieve 95% customer satisfaction score,0.796,0.899,2024-07-17,2024-12-31,Active,Medium,65,110,0.8039593384360757,3,27794,28207
223,EMP_077,Finance,Enhance team productivity,Complete 90% of sprint goals,0.975,0.878,2024-06-23,2024-12-31,Completed,Medium,96,162,0.9119926332395805,2,16033,25061
224,EMP_054,Engineering,Improve product quality,Enter 3 new markets,1.0,0.559,2024-03-01,2024-12-31,Completed,Medium,60,163,0.8607695005646783,6,24029,32058
225,EMP_062,Sales,Expand market reach,Reduce bug reports by 30%,0.716,0.603,2024-01-03,2024-12-31,Active,Medium,45,86,0.8233347670765585,3,13811,23718
226,EMP_028,HR,Expand market reach,Achieve 95% customer satisfaction score,0.824,0.807,2024-05-18,2024-12-31,Active,High,128,138,0.7677568422745137,1,34290,31311
227,EMP_043,Finance,Improve product quality,Reduce bug reports by 30%,0.622,0.873,2024-01-08,2024-12-31,Active,Medium,135,78,0.7750188592833541,3,26542,21462
228,EMP_044,Engineering,Reduce operational costs,Reduce bug reports by 30%,0.833,0.718,2024-06-04,2024-12-31,Active,Medium,143,158,0.8969571818348433,3,32413,28574
229,EMP_027,Engineering,Reduce operational costs,Increase revenue by 25%,1.0,0.58,2024-11-22,2024-12-31,Completed,High,106,188,0.7899576434261295,3,45546,30502
230,EMP_078,Engineering,Improve product quality,Reduce costs by 15%,0.868,0.861,2024-03-31,2024-12-31,Active,Medium,107,107,0.7696027601193022,1,26904,29756
231,EMP_022,Sales,Reduce operational costs,Achieve 95% customer satisfaction score,0.771,0.888,2024-05-18,2024-12-31,Active,Low,188,155,0.8604355937523213,3,6132,27031
232,EMP_071,Sales,Reduce operational costs,Reduce costs by 15%,0.692,0.899,2024-03-24,2024-12-31,Active,Low,155,121,0.7843690608769733,3,33783,16793
233,EMP_046,HR,Expand market reach,Achieve 95% customer satisfaction score,0.469,0.66,2024-07-13,2024-12-31,Active,Low,63,93,0.9244584027199679,2,24459,5172
234,EMP_023,Finance,Reduce operational costs,Enter 3 new markets,0.814,1.0,2024-09-05,2024-12-31,Active,Medium,109,178,0.776848659610367,5,43402,19301
235,EMP_051,Operations,Enhance team productivity,Complete 90% of sprint goals,0.971,0.664,2024-08-26,2024-12-31,Completed,High,180,120,0.7822435347664345,6,18156,33459
236,EMP_078,Engineering,Expand market reach,Increase revenue by 25%,0.866,0.906,2024-11-05,2024-12-31,Active,High,55,123,0.8585318142565024,2,42306,21936
237,EMP_034,Operations,Increase customer satisfaction,Achieve 95% customer satisfaction score,0.88,0.575,2024-04-20,2024-12-31,Active,High,162,133,0.8750200206251695,1,43078,14856
238,EMP_088,Sales,Boost sales performance,Enter 3 new markets,0.781,0.835,2024-06-15,2024-12-31,Active,High,165,134,0.8295076208225891,1,23908,23102
239,EMP_073,Finance,Expand market reach,Enter 3 new markets,0.562,0.868,2024-12-02,2024-12-31,Active,Low,88,99,1.0174492433347537,7,42055,4891
240,EMP_015,HR,Enhance team productivity,Reduce bug reports by 30%,0.735,0.838,2024-10-15,2024-12-31,Active,Medium,171,111,0.855392042530578,6,22376,36667
241,EMP_049,Marketing,Reduce operational costs,Achieve 95% customer satisfaction score,0.714,0.508,2024-01-13,2024-12-31,Active,Medium,186,94,0.8220126913833978,2,8731,26686
242,EMP_002,Operations,Boost sales performance,Achieve 95% customer satisfaction score,1.0,0.703,2024-04-23,2024-12-31,Completed,Low,122,175,0.7154515163747778,4,45928,33410
243,EMP_012,Operations,Reduce operational costs,Increase revenue by 25%,0.677,0.608,2024-04-06,2024-12-31,Active,High,96,113,0.9448121439100645,3,24488,17621
244,EMP_019,Operations,Reduce operational costs,Increase revenue by 25%,0.409,0.777,2024-10-15,2024-12-31,Active,High,123,54,0.961739881590246,6,27742,19498
245,EMP_019,Operations,Reduce operational costs,Complete 90% of sprint goals,0.557,0.656,2024-07-20,2024-12-31,Active,High,96,88,0.8232743885576973,2,15561,24285
246,EMP_090,HR,Increase customer satisfaction,Achieve 95% customer satisfaction score,0.627,0.634,2024-09-22,2024-12-31,Active,Medium,128,67,0.9242749961786925,2,27693,25643
247,EMP_022,Sales,Boost sales performance,Increase revenue by 25%,0.641,0.759,2024-04-17,2024-12-31,Active,Low,123,104,0.762410042228389,5,24233,14695
248,EMP_027,Sales,Increase customer satisfaction,Achieve 95% customer satisfaction score,1.0,0.928,2024-04-09,2024-12-31,Completed,Low,41,195,0.8285089644849921,6,32491,31383
249,EMP_098,Operations,Increase customer satisfaction,Reduce costs by 15%,0.704,0.793,2024-03-08,2024-12-31,Active,Low,88,126,0.8566981807818732,2,16683,24913
250,EMP_032,Operations,Expand market reach,Achieve 95% customer satisfaction score,1.0,1.0,2024-06-26,2024-12-31,Completed,Low,124,159,0.8368527404328332,7,34315,34130
251,EMP_093,Marketing,Increase customer satisfaction,Increase revenue by 25%,0.753,0.787,2024-09-29,2024-12-31,Active,Low,160,144,0.9536201832131722,5,33327,27892
252,EMP_096,HR,Increase customer satisfaction,Achieve 95% customer satisfaction score,0.852,0.763,2024-11-13,2024-12-31,Active,Medium,114,150,0.6781249107137834,7,31249,31949
253,EMP_082,Operations,Boost sales performance,Complete 90% of sprint goals,0.765,0.911,2024-06-22,2024-12-31,Active,Low,141,139,0.9387290837266742,6,35471,22030
254,EMP_073,Finance,Expand market reach,Increase revenue by 25%,0.626,0.542,2024-10-10,2024-12-31,Active,High,76,105,0.9606964766302641,5,40585,21988
255,EMP_061,Sales,Boost sales performance,Increase revenue by 25%,0.629,1.0,2024-04-23,2024-12-31,Active,Low,76,92,0.9896628479507312,7,45597,21192
256,EMP_077,HR,Expand market reach,Reduce costs by 15%,1.0,0.729,2024-07-25,2024-12-31,Completed,High,94,159,0.9237291316547052,5,10103,29206
257,EMP_029,Finance,Increase customer satisfaction,Reduce bug reports by 30%,0.912,0.882,2024-03-23,2024-12-31,Completed,Low,108,183,0.6514337843600685,1,37828,32598
258,EMP_025,Finance,Expand market reach,Reduce costs by 15%,0.657,0.628,2024-12-27,2024-12-31,Active,Medium,78,77,0.7761464574498813,5,5136,14238
259,EMP_006,Marketing,Reduce operational costs,Increase revenue by 25%,0.812,0.477,2024-09-17,2024-12-31,Active,Medium,126,133,0.8664655155358568,3,11968,12741
260,EMP_032,Operations,Enhance team productivity,Reduce costs by 15%,0.537,0.946,2024-01-18,2024-12-31,Active,Medium,189,104,0.6438674544058858,6,35954,18860
261,EMP_032,Sales,Boost sales performance,Enter 3 new markets,0.813,0.668,2024-04-24,2024-12-31,Active,Medium,67,112,0.7990269844814866,7,36870,20696
262,EMP_028,Marketing,Reduce operational costs,Achieve 95% customer satisfaction score,0.61,0.562,2024-01-19,2024-12-31,Active,Low,113,60,0.9989749607320582,5,30521,15720
263,EMP_098,Marketing,Reduce operational costs,Enter 3 new markets,0.678,0.808,2024-08-26,2024-12-31,Active,High,87,90,0.8755383755674316,5,42158,22514
264,EMP_071,Finance,Reduce operational costs,Reduce bug reports by 30%,0.589,0.78,2024-10-31,2024-12-31,Active,Low,92,97,0.9037315657544204,3,37130,24335
265,EMP_079,Finance,Reduce operational costs,Increase revenue by 25%,0.531,0.926,2024-01-25,2024-12-31,Active,Medium,195,105,0.9320759303981306,5,38272,14587
266,EMP_051,Operations,Increase customer satisfaction,Enter 3 new markets,0.817,1.0,2024-09-27,2024-12-31,Active,Low,178,131,0.8315415336754685,2,48442,21029
267,EMP_048,Sales,Expand market reach,Enter 3 new markets,0.92,0.463,2024-10-18,2024-12-31,Completed,Low,155,135,0.8711283692279472,2,11476,26116
268,EMP_064,Finance,Boost sales performance,Reduce bug reports by 30%,1.0,0.638,2024-06-30,2024-12-31,Completed,Medium,103,146,1.0046090168234707,4,27010,34055
269,EMP_060,HR,Boost sales performance,Reduce bug reports by 30%,0.866,0.77,2024-08-22,2024-12-31,Active,Medium,101,130,0.9551979954209332,7,28675,26508
270,EMP_073,Sales,Improve product quality,Reduce costs by 15%,0.634,0.475,2024-11-09,2024-12-31,Active,High,138,107,0.957424723394466,5,40386,26656
271,EMP_071,HR,Increase customer satisfaction,Complete 90% of sprint goals,0.53,0.747,2024-08-02,2024-12-31,Active,Low,170,114,0.8142056168598686,2,49516,23850
272,EMP_076,Sales,Reduce operational costs,Reduce costs by 15%,0.801,0.679,2024-04-13,2024-12-31,Active,Low,96,158,0.77419146733128,6,15973,20600
273,EMP_076,Sales,Enhance team productivity,Increase revenue by 25%,0.568,1.0,2024-12-11,2024-12-31,Active,Low,185,89,0.9043379568944756,6,33453,27993
274,EMP_067,Operations,Reduce operational costs,Achieve 95% customer satisfaction score,0.856,0.995,2024-04-19,2024-12-31,Active,High,194,139,0.6974070281227404,7,38998,28781
275,EMP_004,Operations,Enhance team productivity,Reduce bug reports by 30%,0.56,1.0,2024-01-28,2024-12-31,Active,High,102,78,0.6936310314654575,3,10710,14113
276,EMP_050,Operations,Increase customer satisfaction,Enter 3 new markets,0.763,0.751,2024-04-13,2024-12-31,Active,High,185,136,0.8030850969974189,6,26372,26124
277,EMP_038,Marketing,Enhance team productivity,Complete 90% of sprint goals,0.982,0.678,2024-03-01,2024-12-31,Completed,Medium,148,206,0.7323696743076731,5,24212,35542
278,EMP_075,Operations,Enhance team productivity,Reduce costs by 15%,0.63,0.893,2024-12-21,2024-12-31,Active,Low,138,127,0.8371814530414232,5,35857,22213
279,EMP_083,Engineering,Enhance team productivity,Reduce costs by 15%,1.0,0.92,2024-03-14,2024-12-31,Completed,High,192,169,0.7100693825198058,3,10741,36949
280,EMP_063,Marketing,Reduce operational costs,Increase revenue by 25%,0.449,0.755,2024-09-02,2024-12-31,Active,High,192,13,0.9154492490071203,5,24610,13486
281,EMP_055,Operations,Improve product quality,Increase revenue by 25%,0.75,0.608,2024-02-28,2024-12-31,Active,Low,128,93,0.9367632083906136,3,34504,28662
282,EMP_015,HR,Expand market reach,Enter 3 new markets,1.0,0.602,2024-05-21,2024-12-31,Completed,Medium,187,204,0.8320850242336572,6,9627,23659
283,EMP_094,Operations,Boost sales performance,Complete 90% of sprint goals,0.244,0.756,2024-11-17,2024-12-31,Active,High,105,42,0.926527643836476,4,27439,15463
284,EMP_029,Sales,Expand market reach,Achieve 95% customer satisfaction score,0.901,0.94,2024-05-23,2024-12-31,Completed,Medium,101,149,0.8541722711215698,3,6262,39848
285,EMP_056,Marketing,Reduce operational costs,Achieve 95% customer satisfaction score,0.801,0.923,2024-04-28,2024-12-31,Active,High,47,121,0.7636135434126957,5,10750,32203
286,EMP_042,Operations,Reduce operational costs,Increase revenue by 25%,0.549,1.0,2024-03-11,2024-12-31,Active,Medium,73,92,0.7821514594974921,2,36647,16274
287,EMP_052,Finance,Enhance team productivity,Increase revenue by 25%,0.668,0.727,2024-07-10,2024-12-31,Active,High,133,78,0.7200105720703674,5,21351,21028
288,EMP_038,Operations,Improve product quality,Increase revenue by 25%,0.807,1.0,2024-07-10,2024-12-31,Active,Medium,49,134,0.7334328409711335,3,24567,24310
289,EMP_060,Operations,Increase customer satisfaction,Achieve 95% customer satisfaction score,0.373,0.741,2024-11-08,2024-12-31,Active,Low,145,42,0.7116546481931344,6,10208,20348
290,EMP_040,Engineering,Improve product quality,Reduce costs by 15%,0.913,0.622,2024-03-22,2024-12-31,Completed,High,115,136,0.9746891715534719,7,36480,27074
291,EMP_099,Sales,Enhance team productivity,Increase revenue by 25%,0.652,0.852,2024-12-30,2024-12-31,Active,High,173,142,1.0125958915362063,2,38037,13384
292,EMP_039,Engineering,Reduce operational costs,Increase revenue by 25%,0.882,0.833,2024-08-07,2024-12-31,Active,High,195,119,0.592611788493558,6,11855,25192
293,EMP_072,Operations,Increase customer satisfaction,Enter 3 new markets,0.994,0.723,2024-09-12,2024-12-31,Completed,Low,115,182,0.8694107630953357,7,17100,32407
294,EMP_041,Operations,Reduce operational costs,Reduce bug reports by 30%,0.554,1.0,2024-01-13,2024-12-31,Active,High,166,101,0.7919176047153498,4,32340,17285
295,EMP_081,Operations,Enhance team productivity,Achieve 95% customer satisfaction score,0.474,0.837,2024-02-27,2024-12-31,Active,Medium,148,78,0.9074701261665349,3,16737,16356
296,EMP_028,Engineering,Reduce operational costs,Reduce bug reports by 30%,1.0,0.812,2024-10-12,2024-12-31,Completed,Low,52,192,0.7973752143482579,6,49369,36941
297,EMP_013,Marketing,Reduce operational costs,Enter 3 new markets,0.63,0.633,2024-04-25,2024-12-31,Active,Low,147,87,0.8501845955231006,4,6848,24901
298,EMP_001,HR,Boost sales performance,Increase revenue by 25%,0.706,0.567,2024-09-27,2024-12-31,Active,High,175,106,0.7685405206829561,1,35826,18456
299,EMP_042,Operations,Boost sales performance,Increase revenue by 25%,1.0,0.93,2024-08-08,2024-12-31,Completed,High,124,131,0.7442667182825269,5,5191,25830
300,EMP_049,Marketing,Boost sales performance,Increase revenue by 25%,0.722,0.651,2024-03-03,2024-12-31,Active,Low,142,90,0.9195020695088223,3,19519,14353
301,EMP_028,Sales,Expand market reach,Reduce costs by 15%,0.816,0.88,2024-08-05,2024-12-31,Active,High,82,119,0.6477538415279105,2,8359,14184
302,EMP_060,Operations,Boost sales performance,Reduce bug reports by 30%,0.866,0.694,2024-07-02,2024-12-31,Active,Low,67,129,0.7679823120953975,1,18255,19717
303,EMP_088,Sales,Enhance team productivity,Enter 3 new markets,0.815,0.628,2024-05-21,2024-12-31,Active,High,64,135,0.9225199472673185,2,36954,19699
304,EMP_034,Sales,Enhance team productivity,Complete 90% of sprint goals,1.0,0.759,2024-07-01,2024-12-31,Completed,High,128,171,0.8647540911865328,5,34523,30384
305,EMP_049,HR,Expand market reach,Reduce costs by 15%,0.796,1.0,2024-10-20,2024-12-31,Active,High,182,142,0.9872061423949685,1,21260,21820
306,EMP_047,HR,Boost sales performance,Reduce bug reports by 30%,0.724,1.0,2024-02-09,2024-12-31,Active,Medium,177,120,0.8966716234005182,5,39484,24246
307,EMP_055,Finance,Boost sales performance,Reduce costs by 15%,0.465,0.866,2024-02-28,2024-12-31,Active,Medium,143,75,0.8287791030098848,4,44019,5230
308,EMP_061,Finance,Expand market reach,Complete 90% of sprint goals,0.866,0.79,2024-06-10,2024-12-31,Active,Low,70,147,0.8629500451008099,7,26031,24485
309,EMP_001,Engineering,Increase customer satisfaction,Reduce bug reports by 30%,0.967,0.729,2024-07-27,2024-12-31,Completed,Medium,138,128,0.7102881814887009,7,42392,23074
310,EMP_038,Engineering,Expand market reach,Reduce costs by 15%,0.789,0.732,2024-08-26,2024-12-31,Active,High,182,137,0.8088573392883998,1,7462,29453
311,EMP_035,HR,Expand market reach,Reduce costs by 15%,0.788,0.867,2024-08-04,2024-12-31,Active,Medium,65,122,0.890827164090203,6,46669,29581
312,EMP_004,Engineering,Increase customer satisfaction,Enter 3 new markets,1.0,0.734,2024-02-13,2024-12-31,Completed,Low,182,170,0.9110216169589223,4,32042,30784
313,EMP_081,Marketing,Boost sales performance,Complete 90% of sprint goals,0.313,0.972,2024-02-13,2024-12-31,Active,High,164,22,0.7790558997572453,1,40170,4041
314,EMP_058,Operations,Reduce operational costs,Enter 3 new markets,0.393,0.743,2024-08-07,2024-12-31,Active,Medium,171,55,0.7300140277820402,5,10313,10317
315,EMP_031,Marketing,Expand market reach,Increase revenue by 25%,0.575,0.633,2024-09-20,2024-12-31,Active,Low,147,96,0.9192722755116859,1,44887,24560
316,EMP_018,Sales,Reduce operational costs,Reduce costs by 15%,0.638,1.0,2024-06-19,2024-12-31,Active,Medium,190,91,0.8651877609613939,2,37764,25404
317,EMP_004,Finance,Expand market reach,Reduce bug reports by 30%,0.739,0.983,2024-04-05,2024-12-31,Active,High,45,113,0.8414391910528753,3,8722,27172
318,EMP_063,HR,Increase customer satisfaction,Achieve 95% customer satisfaction score,0.967,0.868,2024-10-17,2024-12-31,Completed,Medium,189,147,0.7793107432012651,3,36721,33286
319,EMP_003,Engineering,Enhance team productivity,Complete 90% of sprint goals,1.0,0.963,2024-04-22,2024-12-31,Completed,Low,112,168,0.7348131615413226,7,18380,32253
320,EMP_030,Engineering,Enhance team productivity,Reduce bug reports by 30%,0.376,0.755,2024-01-25,2024-12-31,Active,Medium,97,35,0.9583273243466217,1,30933,8449
321,EMP_099,HR,Improve product quality,Reduce bug reports by 30%,0.675,0.724,2024-03-04,2024-12-31,Active,Medium,115,100,0.7111014863827542,3,13378,19345
322,EMP_047,Sales,Enhance team productivity,Complete 90% of sprint goals,0.756,0.852,2024-05-09,2024-12-31,Active,Medium,98,119,1.0929144322012152,7,36422,29188
323,EMP_046,HR,Enhance team productivity,Reduce costs by 15%,0.836,0.871,2024-09-09,2024-12-31,Active,High,159,126,0.8283571971724111,2,42583,17884
324,EMP_023,Operations,Improve product quality,Reduce costs by 15%,0.921,0.854,2024-10-11,2024-12-31,Completed,Low,182,157,0.9173132020689712,3,17748,15792
325,EMP_021,Finance,Boost sales performance,Complete 90% of sprint goals,1.0,0.851,2024-11-14,2024-12-31,Completed,Medium,189,158,0.8410876870466766,6,25323,21119
326,EMP_034,Finance,Boost sales performance,Enter 3 new markets,0.935,0.61,2024-11-24,2024-12-31,Completed,Low,186,127,0.9362433409555357,7,46107,29766
327,EMP_009,HR,Improve product quality,Reduce bug reports by 30%,0.776,0.744,2024-03-15,2024-12-31,Active,High,61,100,0.9393697689389111,2,36308,26297
328,EMP_057,Finance,Reduce operational costs,Increase revenue by 25%,0.973,0.547,2024-07-12,2024-12-31,Completed,High,135,114,0.8127680947062077,5,8178,31379
329,EMP_088,Engineering,Boost sales performance,Reduce costs by 15%,0.56,0.698,2024-04-15,2024-12-31,Active,Low,169,95,1.0996817840356496,3,44321,14184
330,EMP_075,Finance,Boost sales performance,Complete 90% of sprint goals,0.696,0.649,2024-04-05,2024-12-31,Active,High,49,104,0.7449859260397854,5,38783,24658
331,EMP_042,Finance,Expand market reach,Reduce costs by 15%,0.965,0.849,2024-12-28,2024-12-31,Completed,Low,80,122,1.0193566469528292,1,26067,29331
332,EMP_098,HR,Enhance team productivity,Reduce bug reports by 30%,0.689,1.0,2024-06-07,2024-12-31,Active,High,117,66,0.9755972920431155,5,36899,18582
333,EMP_084,Finance,Reduce operational costs,Reduce bug reports by 30%,0.993,0.825,2024-08-03,2024-12-31,Completed,Medium,167,176,0.9201875781307919,5,7776,34166
334,EMP_020,Sales,Expand market reach,Increase revenue by 25%,0.651,0.926,2024-07-05,2024-12-31,Active,High,188,87,0.9712608237420457,7,25173,28190
335,EMP_070,HR,Increase customer satisfaction,Reduce costs by 15%,0.79,0.764,2024-06-17,2024-12-31,Active,Medium,83,111,0.8787133354122986,4,28382,28120
336,EMP_079,Marketing,Increase customer satisfaction,Reduce costs by 15%,0.894,0.663,2024-03-23,2024-12-31,Active,Medium,71,170,0.9108407753799226,6,14726,40656
337,EMP_025,Operations,Improve product quality,Reduce costs by 15%,0.663,0.439,2024-12-08,2024-12-31,Active,Low,93,134,0.601219134346492,2,7575,17072
338,EMP_001,Engineering,Improve product quality,Reduce costs by 15%,0.953,0.841,2024-04-21,2024-12-31,Completed,Low,170,173,0.9342831244728431,4,12371,34620
339,EMP_084,Finance,Enhance team productivity,Achieve 95% customer satisfaction score,0.685,0.999,2024-10-01,2024-12-31,Active,Medium,180,132,0.9230327005923329,4,48059,27780
340,EMP_043,Marketing,Enhance team productivity,Reduce bug reports by 30%,0.742,0.529,2024-10-25,2024-12-31,Active,High,195,122,0.9172607728782654,7,44346,28278
341,EMP_012,Operations,Boost sales performance,Reduce bug reports by 30%,0.826,0.773,2024-04-07,2024-12-31,Active,Low,58,110,0.9334751326324882,6,29489,19263
342,EMP_047,Marketing,Reduce operational costs,Complete 90% of sprint goals,0.777,0.89,2024-05-19,2024-12-31,Active,Low,90,105,0.8125819724009816,1,25597,22535
343,EMP_054,Engineering,Enhance team productivity,Enter 3 new markets,0.875,0.828,2024-01-07,2024-12-31,Active,Medium,161,153,0.8363004510557541,7,32052,27351
344,EMP_057,Sales,Increase customer satisfaction,Enter 3 new markets,0.554,0.679,2024-09-26,2024-12-31,Active,Medium,74,87,0.6435042612415265,5,26164,13197
345,EMP_079,Operations,Increase customer satisfaction,Increase revenue by 25%,0.588,1.0,2024-11-15,2024-12-31,Active,Low,46,102,0.8631065186215848,1,34001,29857
346,EMP_050,Operations,Boost sales performance,Complete 90% of sprint goals,0.642,0.674,2024-07-06,2024-12-31,Active,Medium,43,92,0.7659608463794558,2,15310,22628
347,EMP_094,Sales,Increase customer satisfaction,Reduce costs by 15%,0.381,0.938,2024-10-18,2024-12-31,Active,Medium,162,78,1.0193550790715356,1,5507,12208
348,EMP_059,HR,Reduce operational costs,Achieve 95% customer satisfaction score,0.954,0.501,2024-02-08,2024-12-31,Completed,High,171,157,0.7876423908797985,2,11411,23573
349,EMP_094,HR,Improve product quality,Reduce bug reports by 30%,0.789,0.785,2024-09-13,2024-12-31,Active,Low,129,134,0.5967753914780314,7,12933,24606
350,EMP_033,Sales,Reduce operational costs,Complete 90% of sprint goals,0.845,0.712,2024-07-08,2024-12-31,Active,High,54,152,0.8203103148679496,4,29849,25680
351,EMP_003,Marketing,Improve product quality,Complete 90% of sprint goals,0.823,0.834,2024-12-29,2024-12-31,Active,Low,134,140,0.8918205755887972,2,32843,30392
352,EMP_022,Sales,Enhance team productivity,Enter 3 new markets,0.638,0.435,2024-03-25,2024-12-31,Active,Low,183,71,0.8388981126392845,4,17466,19750
353,EMP_049,Engineering,Improve product quality,Reduce costs by 15%,0.837,0.864,2024-07-15,2024-12-31,Active,Medium,92,103,0.8632272790497421,7,45902,19023
354,EMP_083,Sales,Enhance team productivity,Reduce costs by 15%,0.708,0.719,2024-04-20,2024-12-31,Active,Medium,116,110,0.7671072386995105,7,27403,18130
355,EMP_051,Finance,Boost sales performance,Reduce costs by 15%,0.961,1.0,2024-07-13,2024-12-31,Completed,High,99,143,0.8177641449154758,7,7062,31875
356,EMP_022,Engineering,Reduce operational costs,Complete 90% of sprint goals,0.855,0.727,2024-11-01,2024-12-31,Active,High,193,153,0.9284990578846156,4,7936,31227
357,EMP_023,Marketing,Expand market reach,Reduce costs by 15%,0.946,0.484,2024-05-25,2024-12-31,Completed,Low,102,174,0.9886349397262844,3,25590,37274
358,EMP_092,Engineering,Enhance team productivity,Enter 3 new markets,0.549,0.808,2024-10-06,2024-12-31,Active,Low,133,97,0.7214317581753322,4,6141,16281
359,EMP_082,Sales,Improve product quality,Reduce bug reports by 30%,0.469,1.0,2024-11-14,2024-12-31,Active,Low,153,104,0.977041646058122,3,33706,20046
360,EMP_014,Operations,Reduce operational costs,Complete 90% of sprint goals,0.527,1.0,2024-08-01,2024-12-31,Active,Low,58,80,0.9720821298813047,4,47939,11418
361,EMP_059,Engineering,Boost sales performance,Complete 90% of sprint goals,0.818,0.842,2024-06-25,2024-12-31,Active,High,193,136,0.9284299769722615,6,20997,25324
362,EMP_016,HR,Boost sales performance,Complete 90% of sprint goals,0.751,0.876,2024-10-08,2024-12-31,Active,High,192,152,0.6745914437330646,3,36658,17061
363,EMP_023,Operations,Reduce operational costs,Increase revenue by 25%,0.501,0.691,2024-11-08,2024-12-31,Active,Low,190,58,0.7785753888946407,3,34351,14109
364,EMP_048,HR,Boost sales performance,Enter 3 new markets,0.416,0.978,2024-11-08,2024-12-31,Active,Low,60,50,0.9187065795858916,5,16440,19813
365,EMP_087,HR,Reduce operational costs,Enter 3 new markets,1.0,0.579,2024-01-25,2024-12-31,Completed,Medium,80,123,0.846771938895053,6,5901,30320
366,EMP_040,Marketing,Reduce operational costs,Increase revenue by 25%,0.678,0.667,2024-12-09,2024-12-31,Active,High,74,136,0.8461859914558351,5,9603,20588
367,EMP_098,Engineering,Improve product quality,Reduce costs by 15%,0.691,0.997,2024-01-16,2024-12-31,Active,Medium,112,85,0.8786955854301709,2,23255,17568
368,EMP_034,Engineering,Reduce operational costs,Reduce costs by 15%,0.6,0.567,2024-12-17,2024-12-31,Active,High,87,133,0.9060237039488457,2,48000,13952
369,EMP_018,HR,Enhance team productivity,Reduce costs by 15%,1.0,0.977,2024-05-16,2024-12-31,Completed,Medium,171,142,0.7289929279898797,1,12987,34947
370,EMP_079,Sales,Improve product quality,Reduce costs by 15%,1.0,0.654,2024-01-08,2024-12-31,Completed,Low,149,180,0.6686766713996954,4,29648,24706
371,EMP_052,Sales,Expand market reach,Complete 90% of sprint goals,0.862,0.828,2024-07-24,2024-12-31,Active,Medium,128,129,0.7596639042452309,7,42356,31832
372,EMP_092,Sales,Expand market reach,Increase revenue by 25%,0.929,0.697,2024-12-05,2024-12-31,Completed,High,98,113,0.851064224323265,6,9239,26746
373,EMP_088,Engineering,Enhance team productivity,Achieve 95% customer satisfaction score,0.974,0.688,2024-09-26,2024-12-31,Completed,High,141,151,0.8556742567162053,1,37728,27877
374,EMP_051,Sales,Enhance team productivity,Complete 90% of sprint goals,0.843,1.0,2024-06-21,2024-12-31,Active,High,46,116,0.8908052846836756,1,22297,28032
375,EMP_087,Operations,Reduce operational costs,Enter 3 new markets,0.751,0.487,2024-05-31,2024-12-31,Active,Low,65,104,0.7440049921015283,4,18386,21898
376,EMP_056,Operations,Boost sales performance,Increase revenue by 25%,0.818,0.779,2024-02-28,2024-12-31,Active,Low,176,137,0.8533967612351482,6,49066,25388
377,EMP_003,Operations,Reduce operational costs,Increase revenue by 25%,0.858,0.947,2024-06-26,2024-12-31,Active,Low,166,166,0.8386936535972969,3,38139,24982
378,EMP_014,Finance,Reduce operational costs,Achieve 95% customer satisfaction score,0.884,0.683,2024-12-03,2024-12-31,Active,Medium,118,132,0.8296159069261351,2,48254,23594
379,EMP_008,Marketing,Expand market reach,Reduce costs by 15%,0.949,0.691,2024-12-17,2024-12-31,Completed,High,199,155,0.6825814301186096,5,28649,27770
380,EMP_031,Finance,Increase customer satisfaction,Enter 3 new markets,0.498,0.777,2024-07-27,2024-12-31,Active,High,128,66,0.6946572201533207,5,20804,23672
381,EMP_022,Marketing,Reduce operational costs,Reduce bug reports by 30%,0.551,1.0,2024-09-29,2024-12-31,Active,Medium,169,92,0.9042089924800373,6,15832,16513
382,EMP_020,Marketing,Increase customer satisfaction,Reduce costs by 15%,0.754,0.744,2024-07-03,2024-12-31,Active,Medium,48,93,0.9195523348965258,6,40489,37047
383,EMP_055,Finance,Expand market reach,Increase revenue by 25%,0.78,0.757,2024-04-06,2024-12-31,Active,High,171,81,0.8678476663885389,3,48066,30674
384,EMP_055,HR,Enhance team productivity,Enter 3 new markets,0.911,0.761,2024-12-27,2024-12-31,Completed,High,52,138,0.8406319938061635,1,5228,23240
385,EMP_043,Finance,Improve product quality,Achieve 95% customer satisfaction score,0.805,0.797,2024-09-04,2024-12-31,Active,Medium,145,94,0.8981053291125483,2,21576,22963
386,EMP_029,Finance,Improve product quality,Enter 3 new markets,0.933,0.738,2024-10-24,2024-12-31,Completed,Low,167,166,0.861559799706372,7,29658,22414
387,EMP_086,Engineering,Enhance team productivity,Increase revenue by 25%,0.57,0.5,2024-07-30,2024-12-31,Active,Medium,196,96,1.0191602165377414,1,18854,23450
388,EMP_017,Operations,Expand market reach,Achieve 95% customer satisfaction score,0.555,0.652,2024-02-26,2024-12-31,Active,Medium,74,108,0.8407658637008147,5,47511,10191
389,EMP_061,Operations,Improve product quality,Complete 90% of sprint goals,0.717,0.832,2024-11-22,2024-12-31,Active,Low,85,157,0.7236291706020997,2,46993,20338
390,EMP_012,Operations,Expand market reach,Achieve 95% customer satisfaction score,0.478,0.651,2024-02-27,2024-12-31,Active,Medium,185,84,0.7877872162743286,7,10529,11562
391,EMP_077,HR,Boost sales performance,Reduce bug reports by 30%,0.93,0.959,2024-02-24,2024-12-31,Completed,Low,108,156,0.7950640145064558,1,42711,27684
392,EMP_078,Finance,Improve product quality,Increase revenue by 25%,0.787,0.624,2024-02-03,2024-12-31,Active,High,190,135,0.9219351449290836,7,48601,26306
393,EMP_043,Engineering,Increase customer satisfaction,Reduce costs by 15%,0.957,0.587,2024-04-12,2024-12-31,Completed,Medium,110,163,0.9424410187274994,5,12099,27325
394,EMP_063,Sales,Boost sales performance,Complete 90% of sprint goals,0.683,1.0,2024-01-15,2024-12-31,Active,Medium,194,125,0.7611536797641191,3,25977,23555
395,EMP_058,Sales,Enhance team productivity,Reduce bug reports by 30%,0.684,0.92,2024-08-02,2024-12-31,Active,Medium,113,92,0.9854441072784276,5,9136,17851
396,EMP_057,Sales,Increase customer satisfaction,Complete 90% of sprint goals,0.697,0.744,2024-12-02,2024-12-31,Active,High,156,96,1.0375571460034339,2,23122,29011
397,EMP_085,Finance,Improve product quality,Reduce costs by 15%,1.0,1.0,2024-09-30,2024-12-31,Completed,Medium,140,134,0.8929350235422472,6,37924,31906
398,EMP_020,Marketing,Enhance team productivity,Achieve 95% customer satisfaction score,0.723,0.799,2024-09-03,2024-12-31,Active,Low,129,75,0.8356884263036222,2,12853,25619
399,EMP_092,Engineering,Improve product quality,Reduce costs by 15%,0.388,0.872,2024-03-16,2024-12-31,Active,High,102,79,0.9157598481704491,2,24810,3316
400,EMP_100,Finance,Expand market reach,Enter 3 new markets,0.96,0.745,2024-04-27,2024-12-31,Completed,Medium,196,152,1.0758827121908188,4,18647,25403
401,EMP_071,Engineering,Expand market reach,Increase revenue by 25%,0.796,0.662,2024-06-09,2024-12-31,Active,Medium,160,97,0.8408155235665045,4,5067,19457
402,EMP_012,Sales,Enhance team productivity,Achieve 95% customer satisfaction score,0.232,0.648,2024-04-07,2024-12-31,Active,Medium,188,54,0.9252682315286057,6,11447,1032
403,EMP_002,HR,Enhance team productivity,Increase revenue by 25%,0.747,0.908,2024-10-22,2024-12-31,Active,Medium,139,85,0.7760667210643276,4,29813,20677
404,EMP_094,Finance,Boost sales performance,Increase revenue by 25%,0.595,0.928,2024-04-16,2024-12-31,Active,High,87,87,0.9874798914563165,7,17479,12380
405,EMP_003,Sales,Reduce operational costs,Reduce costs by 15%,1.0,0.886,2024-04-02,2024-12-31,Completed,Medium,56,193,0.8621507296840742,1,32914,32052
406,EMP_035,Operations,Expand market reach,Reduce bug reports by 30%,0.789,0.807,2024-08-25,2024-12-31,Active,Medium,49,141,0.7891773492555241,6,16998,25489
407,EMP_001,HR,Enhance team productivity,Reduce bug reports by 30%,0.671,0.635,2024-08-01,2024-12-31,Active,High,171,87,0.8719796734998102,4,26584,15945
408,EMP_051,Marketing,Increase customer satisfaction,Complete 90% of sprint goals,0.867,1.0,2024-05-18,2024-12-31,Active,High,49,116,0.790888326261529,4,28004,29816
409,EMP_076,Finance,Expand market reach,Enter 3 new markets,0.901,0.893,2024-08-23,2024-12-31,Completed,Medium,59,144,0.9319888153981797,1,26797,26872
410,EMP_044,Sales,Expand market reach,Reduce bug reports by 30%,0.641,0.821,2024-10-20,2024-12-31,Active,Low,49,92,0.7316224049181472,6,25308,25506
411,EMP_057,Operations,Increase customer satisfaction,Increase revenue by 25%,0.89,0.919,2024-08-31,2024-12-31,Active,Medium,66,156,0.7964578122666651,2,49825,33950
412,EMP_057,HR,Expand market reach,Reduce costs by 15%,0.717,0.857,2024-10-15,2024-12-31,Active,High,41,149,0.7979136334849144,2,25914,13591
413,EMP_018,Operations,Expand market reach,Reduce costs by 15%,0.692,0.862,2024-12-08,2024-12-31,Active,High,178,114,0.9560592335982366,1,38710,21500
414,EMP_042,Marketing,Improve product quality,Reduce costs by 15%,0.385,0.662,2024-09-07,2024-12-31,Active,Medium,104,48,0.8327836885721954,1,39695,7239
415,EMP_018,Engineering,Reduce operational costs,Reduce bug reports by 30%,0.427,0.845,2024-10-11,2024-12-31,Active,Low,129,49,0.853675822654943,7,8659,14002
416,EMP_082,Finance,Reduce operational costs,Enter 3 new markets,0.83,0.96,2024-07-22,2024-12-31,Active,Low,112,126,0.9461987189071841,5,16593,23712
417,EMP_052,Finance,Increase customer satisfaction,Reduce costs by 15%,0.925,0.73,2024-09-04,2024-12-31,Completed,Low,46,163,0.9627374010445556,7,26646,30615
418,EMP_065,HR,Boost sales performance,Complete 90% of sprint goals,0.609,0.733,2024-08-08,2024-12-31,Active,High,190,99,0.8363065011390596,7,9711,20229
419,EMP_080,Finance,Improve product quality,Achieve 95% customer satisfaction score,0.239,0.821,2024-08-31,2024-12-31,Active,Medium,67,34,0.8661781912601257,6,23252,4022
420,EMP_058,Operations,Boost sales performance,Reduce bug reports by 30%,0.172,1.0,2024-03-11,2024-12-31,Active,High,140,5,0.9149364684337526,5,13412,9205
421,EMP_083,Operations,Boost sales performance,Reduce bug reports by 30%,1.0,0.933,2024-10-07,2024-12-31,Completed,Low,137,154,0.9856583385827982,5,47292,26618
422,EMP_078,HR,Reduce operational costs,Achieve 95% customer satisfaction score,0.531,0.743,2024-01-28,2024-12-31,Active,Medium,119,74,0.8354748705745011,2,28718,14331
423,EMP_096,Sales,Increase customer satisfaction,Increase revenue by 25%,0.774,0.705,2024-06-18,2024-12-31,Active,Medium,129,157,0.9500021715092822,6,13624,26398
424,EMP_087,Sales,Increase customer satisfaction,Enter 3 new markets,0.425,0.783,2024-06-16,2024-12-31,Active,Low,82,60,0.9391303686869755,4,44385,12779
425,EMP_080,Engineering,Reduce operational costs,Increase revenue by 25%,0.446,0.405,2024-07-13,2024-12-31,Active,Medium,152,56,0.8465478200168689,7,26972,18337
426,EMP_031,Sales,Expand market reach,Reduce costs by 15%,0.707,0.672,2024-05-24,2024-12-31,Active,Medium,76,80,0.8067226116411611,2,32043,25166
427,EMP_100,HR,Enhance team productivity,Increase revenue by 25%,0.441,0.776,2024-04-26,2024-12-31,Active,Low,73,31,0.7998271095071121,7,49921,22310
428,EMP_060,Marketing,Reduce operational costs,Achieve 95% customer satisfaction score,0.681,0.654,2024-03-25,2024-12-31,Active,Medium,88,128,0.8402169187900056,5,24751,14903
429,EMP_038,Marketing,Boost sales performance,Complete 90% of sprint goals,0.556,0.823,2024-04-06,2024-12-31,Active,Medium,82,54,1.11376948879639,2,21645,16997
430,EMP_091,Finance,Enhance team productivity,Enter 3 new markets,0.768,0.349,2024-06-30,2024-12-31,Active,High,195,134,0.8300333573862602,7,19021,14503
431,EMP_057,Finance,Boost sales performance,Achieve 95% customer satisfaction score,0.591,0.822,2024-11-18,2024-12-31,Active,High,166,83,0.8317925529908073,4,26939,26854
432,EMP_070,Marketing,Reduce operational costs,Reduce costs by 15%,0.702,0.971,2024-11-17,2024-12-31,Active,Low,174,100,1.0454297238025312,3,20123,27295
433,EMP_073,Engineering,Boost sales performance,Reduce bug reports by 30%,1.0,0.728,2024-01-17,2024-12-31,Completed,High,156,158,0.8352480435381944,6,26560,25786
434,EMP_030,Marketing,Boost sales performance,Achieve 95% customer satisfaction score,0.827,0.827,2024-10-09,2024-12-31,Active,Low,148,90,0.7910107682244392,1,19444,28310
435,EMP_001,Sales,Boost sales performance,Increase revenue by 25%,0.655,0.73,2024-12-07,2024-12-31,Active,Medium,151,106,0.897143986649484,2,21378,20700
436,EMP_044,Operations,Expand market reach,Reduce bug reports by 30%,0.532,0.686,2024-02-07,2024-12-31,Active,Low,176,80,0.8119003594066609,7,18490,18681
437,EMP_035,Sales,Reduce operational costs,Enter 3 new markets,0.902,0.756,2024-07-22,2024-12-31,Completed,Medium,189,132,0.8147555134223983,5,32301,29120
438,EMP_095,HR,Improve product quality,Reduce costs by 15%,0.63,0.813,2024-03-14,2024-12-31,Active,Low,147,132,0.9659381043300522,4,7042,23751
439,EMP_034,Operations,Improve product quality,Enter 3 new markets,1.0,0.665,2024-11-21,2024-12-31,Completed,Medium,140,130,0.8291531789459592,6,29405,27167
440,EMP_007,Finance,Improve product quality,Complete 90% of sprint goals,0.526,0.838,2024-02-21,2024-12-31,Active,Medium,108,74,0.7357921760905619,6,8587,15923
441,EMP_024,Marketing,Boost sales performance,Increase revenue by 25%,0.386,0.723,2024-06-24,2024-12-31,Active,Medium,74,62,0.6754292567140348,5,8395,6111
442,EMP_099,Engineering,Increase customer satisfaction,Reduce bug reports by 30%,0.85,0.797,2024-11-03,2024-12-31,Active,Low,61,133,0.9437066875102031,3,33091,22543
443,EMP_058,HR,Reduce operational costs,Complete 90% of sprint goals,0.782,0.662,2024-01-13,2024-12-31,Active,Medium,136,98,0.6535042041333061,5,10666,13148
444,EMP_011,Operations,Reduce operational costs,Reduce bug reports by 30%,0.687,0.849,2024-07-18,2024-12-31,Active,Low,114,155,0.6691414042825097,6,8880,18342
445,EMP_063,HR,Increase customer satisfaction,Reduce bug reports by 30%,0.7,0.549,2024-07-17,2024-12-31,Active,Low,184,87,0.8335259069895897,7,24073,22283
446,EMP_079,HR,Increase customer satisfaction,Reduce costs by 15%,0.909,1.0,2024-10-15,2024-12-31,Completed,Medium,153,145,0.7974369066014615,6,14589,27437
447,EMP_037,Operations,Boost sales performance,Reduce bug reports by 30%,0.656,0.556,2024-10-26,2024-12-31,Active,Medium,126,57,1.0542069652927881,3,27340,24122
448,EMP_045,HR,Reduce operational costs,Increase revenue by 25%,0.822,0.949,2024-05-07,2024-12-31,Active,Low,86,101,0.7813720864244915,7,30563,17503
449,EMP_098,Finance,Improve product quality,Increase revenue by 25%,0.569,0.942,2024-05-04,2024-12-31,Active,Medium,78,97,0.8335439030377325,1,6893,22484
450,EMP_021,Operations,Expand market reach,Reduce bug reports by 30%,0.939,1.0,2024-04-08,2024-12-31,Completed,Low,198,176,0.9335424471893048,3,13787,24337
451,EMP_067,Marketing,Improve product quality,Reduce bug reports by 30%,0.778,0.7,2024-03-09,2024-12-31,Active,High,41,154,0.8310607557489297,7,19345,19876
452,EMP_085,Engineering,Expand market reach,Achieve 95% customer satisfaction score,0.444,0.886,2024-12-11,2024-12-31,Active,Medium,65,85,0.7738570245574415,3,28183,11448
453,EMP_001,Finance,Boost sales performance,Complete 90% of sprint goals,0.749,0.856,2024-11-17,2024-12-31,Active,Medium,194,108,0.9195863839093785,3,25837,24026
454,EMP_064,Operations,Reduce operational costs,Increase revenue by 25%,0.434,0.765,2024-09-04,2024-12-31,Active,Medium,85,70,0.6563247297497534,1,43553,9221
455,EMP_010,Finance,Expand market reach,Complete 90% of sprint goals,0.652,0.727,2024-12-07,2024-12-31,Active,Low,190,84,0.8233869598691332,6,42275,18720
456,EMP_097,Engineering,Increase customer satisfaction,Achieve 95% customer satisfaction score,0.706,0.567,2024-03-30,2024-12-31,Active,High,88,126,0.9688596823087008,7,30820,30438
457,EMP_005,Sales,Improve product quality,Complete 90% of sprint goals,0.947,0.635,2024-11-17,2024-12-31,Completed,High,112,128,0.8965773318490823,6,18436,30021
458,EMP_070,Finance,Improve product quality,Reduce bug reports by 30%,1.0,0.927,2024-07-22,2024-12-31,Completed,Medium,76,170,0.9147010364382497,4,28104,29980
459,EMP_065,Engineering,Boost sales performance,Achieve 95% customer satisfaction score,0.876,0.705,2024-11-06,2024-12-31,Active,Low,84,148,0.7922079223167289,4,39275,20103
460,EMP_016,Engineering,Improve product quality,Increase revenue by 25%,0.885,0.796,2024-03-08,2024-12-31,Active,Low,108,167,0.8729146834499112,2,14318,26329
461,EMP_041,Sales,Improve product quality,Increase revenue by 25%,0.417,0.756,2024-02-18,2024-12-31,Active,Medium,140,40,0.9044037856773779,4,15737,7586
462,EMP_077,Engineering,Enhance team productivity,Increase revenue by 25%,0.867,0.714,2024-08-04,2024-12-31,Active,Medium,122,133,0.8082569618010568,6,25183,27728
463,EMP_053,HR,Enhance team productivity,Complete 90% of sprint goals,1.0,0.611,2024-01-22,2024-12-31,Completed,Medium,60,154,0.7261436810965333,4,42534,28861
464,EMP_049,Finance,Improve product quality,Complete 90% of sprint goals,0.532,0.798,2024-12-18,2024-12-31,Active,Low,142,80,0.7597396013139509,3,45164,12300
465,EMP_082,HR,Enhance team productivity,Reduce costs by 15%,0.406,0.51,2024-12-20,2024-12-31,Active,High,120,62,0.7588323539198116,3,35544,9771
466,EMP_018,Engineering,Expand market reach,Achieve 95% customer satisfaction score,1.0,0.6,2024-06-18,2024-12-31,Completed,High,118,138,0.994985351977335,1,41784,22869
467,EMP_044,Marketing,Expand market reach,Increase revenue by 25%,1.0,0.559,2024-11-15,2024-12-31,Completed,Medium,145,155,0.893429607599536,2,41975,34262
468,EMP_092,HR,Reduce operational costs,Complete 90% of sprint goals,0.504,0.893,2024-03-09,2024-12-31,Active,Low,84,106,0.790358859203112,4,30628,13628
469,EMP_003,Sales,Increase customer satisfaction,Reduce costs by 15%,0.699,0.701,2024-03-02,2024-12-31,Active,Low,107,88,0.8201593728076156,4,40490,18143
470,EMP_061,Operations,Increase customer satisfaction,Complete 90% of sprint goals,0.916,0.831,2024-05-09,2024-12-31,Completed,Medium,116,126,0.8311738664913694,4,5767,33455
471,EMP_056,Marketing,Increase customer satisfaction,Reduce bug reports by 30%,0.627,0.829,2024-02-24,2024-12-31,Active,Low,180,102,0.8161961959090054,5,22194,23209
472,EMP_076,Engineering,Enhance team productivity,Reduce bug reports by 30%,0.701,0.85,2024-05-25,2024-12-31,Active,High,139,108,0.8154835294550203,2,21874,23468
473,EMP_030,Sales,Increase customer satisfaction,Achieve 95% customer satisfaction score,0.873,0.67,2024-10-01,2024-12-31,Active,High,114,128,0.8915272579113274,7,45927,20328
474,EMP_050,Sales,Reduce operational costs,Complete 90% of sprint goals,1.0,0.732,2024-04-06,2024-12-31,Completed,Low,55,194,0.8856252788706084,4,26575,36307
475,EMP_005,Sales,Enhance team productivity,Reduce costs by 15%,0.689,0.98,2024-01-22,2024-12-31,Active,Low,52,111,0.802730046762913,1,6770,19219
476,EMP_026,Finance,Increase customer satisfaction,Reduce bug reports by 30%,0.776,0.64,2024-05-13,2024-12-31,Active,Medium,89,120,1.0248575914058533,3,10544,21327
477,EMP_072,HR,Improve product quality,Achieve 95% customer satisfaction score,0.427,0.766,2024-03-10,2024-12-31,Active,Medium,189,46,0.549375557189032,4,8981,7424
478,EMP_071,Sales,Increase customer satisfaction,Reduce costs by 15%,0.775,0.602,2024-07-01,2024-12-31,Active,Low,48,120,0.8176520578123373,5,13417,17455
479,EMP_051,Sales,Improve product quality,Increase revenue by 25%,0.579,0.805,2024-04-29,2024-12-31,Active,Low,109,119,0.7068803777421373,3,7370,8506
480,EMP_076,Finance,Boost sales performance,Increase revenue by 25%,0.622,0.773,2024-05-08,2024-12-31,Active,Low,131,62,0.9361436525632805,5,16560,19904
481,EMP_002,Finance,Reduce operational costs,Increase revenue by 25%,0.78,0.802,2024-11-09,2024-12-31,Active,Medium,68,108,0.7549936502533873,4,7024,22997
482,EMP_002,Sales,Expand market reach,Increase revenue by 25%,0.799,0.844,2024-11-29,2024-12-31,Active,High,87,126,0.86263141994832,2,33561,21612
483,EMP_009,Operations,Reduce operational costs,Achieve 95% customer satisfaction score,0.763,0.629,2024-02-13,2024-12-31,Active,High,56,109,0.9092530307317761,6,40030,20566
484,EMP_011,Finance,Boost sales performance,Increase revenue by 25%,0.904,0.819,2024-06-09,2024-12-31,Completed,Low,133,121,0.8729551140261541,4,13222,26876
485,EMP_011,Engineering,Improve product quality,Achieve 95% customer satisfaction score,0.414,0.958,2024-06-28,2024-12-31,Active,High,124,64,0.5329574264121943,6,22043,12592
486,EMP_032,Sales,Expand market reach,Achieve 95% customer satisfaction score,1.0,0.861,2024-11-02,2024-12-31,Completed,High,52,140,0.8991873212441985,1,47274,23451
487,EMP_076,Operations,Reduce operational costs,Reduce bug reports by 30%,0.477,0.905,2024-06-23,2024-12-31,Active,Medium,170,88,0.8673486973227088,5,8543,17442
488,EMP_088,Sales,Enhance team productivity,Complete 90% of sprint goals,0.83,0.712,2024-07-23,2024-12-31,Active,High,78,148,0.8372321927694406,4,42863,25311
489,EMP_087,Sales,Reduce operational costs,Complete 90% of sprint goals,0.987,0.712,2024-10-18,2024-12-31,Completed,High,102,139,0.7341005399476005,2,28831,27259
490,EMP_004,Sales,Reduce operational costs,Complete 90% of sprint goals,0.997,0.738,2024-01-29,2024-12-31,Completed,Low,53,123,0.7730638951271969,5,29976,30648
491,EMP_023,Engineering,Boost sales performance,Achieve 95% customer satisfaction score,0.84,0.472,2024-06-06,2024-12-31,Active,Low,142,156,0.7936052136888571,6,12910,35904
492,EMP_032,Finance,Expand market reach,Achieve 95% customer satisfaction score,1.0,0.895,2024-07-14,2024-12-31,Completed,Medium,127,207,0.8385359164493608,2,30020,31321
493,EMP_094,Engineering,Boost sales performance,Reduce bug reports by 30%,0.657,0.765,2024-10-17,2024-12-31,Active,High,60,103,0.887651013817062,1,14503,18410
494,EMP_020,Engineering,Improve product quality,Achieve 95% customer satisfaction score,0.431,1.0,2024-02-24,2024-12-31,Active,High,140,60,0.9159451241113611,7,46196,8904
495,EMP_026,Engineering,Expand market reach,Reduce bug reports by 30%,0.682,0.93,2024-05-01,2024-12-31,Active,Low,98,108,0.7171497470984876,2,18335,23851
496,EMP_082,Operations,Improve product quality,Reduce costs by 15%,0.71,0.951,2024-11-15,2024-12-31,Active,Medium,145,139,0.707332410477966,4,47942,21978
497,EMP_011,Engineering,Enhance team productivity,Enter 3 new markets,0.588,0.73,2024-04-10,2024-12-31,Active,High,68,77,0.8575694940005093,2,33942,24622
498,EMP_038,Marketing,Improve product quality,Increase revenue by 25%,0.944,0.473,2024-05-02,2024-12-31,Completed,High,178,140,0.79381579006483,2,25365,30713
499,EMP_074,Marketing,Increase customer satisfaction,Increase revenue by 25%,0.854,0.653,2024-11-18,2024-12-31,Active,High,117,177,0.85601001939064,1,29596,25201
500,EMP_096,Sales,Reduce operational costs,Reduce costs by 15%,1.0,0.789,2024-01-09,2024-12-31,Completed,High,154,126,1.0431111068862537,2,28495,34294
